{
  "hash": "4d3e9b46",
  "configHash": "bc44506f",
  "lockfileHash": "828c18d1",
  "browserHash": "da6e90b0",
  "optimized": {
    "@angular/common": {
      "src": "../../../../../../node_modules/@angular/common/fesm2022/common.mjs",
      "file": "@angular_common.js",
      "fileHash": "bed47fbb",
      "needsInterop": false
    },
    "@angular/common/http": {
      "src": "../../../../../../node_modules/@angular/common/fesm2022/http.mjs",
      "file": "@angular_common_http.js",
      "fileHash": "ac0d61ed",
      "needsInterop": false
    },
    "@angular/core": {
      "src": "../../../../../../node_modules/@angular/core/fesm2022/core.mjs",
      "file": "@angular_core.js",
      "fileHash": "1e3c3ccc",
      "needsInterop": false
    },
    "@angular/forms": {
      "src": "../../../../../../node_modules/@angular/forms/fesm2022/forms.mjs",
      "file": "@angular_forms.js",
      "fileHash": "8590cd6e",
      "needsInterop": false
    },
    "@angular/platform-browser": {
      "src": "../../../../../../node_modules/@angular/platform-browser/fesm2022/platform-browser.mjs",
      "file": "@angular_platform-browser.js",
      "fileHash": "5b5ea1db",
      "needsInterop": false
    },
    "@angular/platform-browser/animations/async": {
      "src": "../../../../../../node_modules/@angular/platform-browser/fesm2022/animations/async.mjs",
      "file": "@angular_platform-browser_animations_async.js",
      "fileHash": "61be99bd",
      "needsInterop": false
    },
    "@angular/router": {
      "src": "../../../../../../node_modules/@angular/router/fesm2022/router.mjs",
      "file": "@angular_router.js",
      "fileHash": "2250945c",
      "needsInterop": false
    },
    "@primeuix/themes/aura": {
      "src": "../../../../../../node_modules/@primeuix/themes/dist/aura/index.mjs",
      "file": "@primeuix_themes_aura.js",
      "fileHash": "b4e4aafa",
      "needsInterop": false
    },
    "primeng/api": {
      "src": "../../../../../../node_modules/primeng/fesm2022/primeng-api.mjs",
      "file": "primeng_api.js",
      "fileHash": "65cafb83",
      "needsInterop": false
    },
    "primeng/autocomplete": {
      "src": "../../../../../../node_modules/primeng/fesm2022/primeng-autocomplete.mjs",
      "file": "primeng_autocomplete.js",
      "fileHash": "08132230",
      "needsInterop": false
    },
    "primeng/avatar": {
      "src": "../../../../../../node_modules/primeng/fesm2022/primeng-avatar.mjs",
      "file": "primeng_avatar.js",
      "fileHash": "db75f1a5",
      "needsInterop": false
    },
    "primeng/badge": {
      "src": "../../../../../../node_modules/primeng/fesm2022/primeng-badge.mjs",
      "file": "primeng_badge.js",
      "fileHash": "770a0eec",
      "needsInterop": false
    },
    "primeng/button": {
      "src": "../../../../../../node_modules/primeng/fesm2022/primeng-button.mjs",
      "file": "primeng_button.js",
      "fileHash": "8ac3d927",
      "needsInterop": false
    },
    "primeng/card": {
      "src": "../../../../../../node_modules/primeng/fesm2022/primeng-card.mjs",
      "file": "primeng_card.js",
      "fileHash": "f8bb16f7",
      "needsInterop": false
    },
    "primeng/config": {
      "src": "../../../../../../node_modules/primeng/fesm2022/primeng-config.mjs",
      "file": "primeng_config.js",
      "fileHash": "5e8e5ffc",
      "needsInterop": false
    },
    "primeng/floatlabel": {
      "src": "../../../../../../node_modules/primeng/fesm2022/primeng-floatlabel.mjs",
      "file": "primeng_floatlabel.js",
      "fileHash": "5acf9596",
      "needsInterop": false
    },
    "primeng/inputtext": {
      "src": "../../../../../../node_modules/primeng/fesm2022/primeng-inputtext.mjs",
      "file": "primeng_inputtext.js",
      "fileHash": "baddb6fe",
      "needsInterop": false
    },
    "primeng/menu": {
      "src": "../../../../../../node_modules/primeng/fesm2022/primeng-menu.mjs",
      "file": "primeng_menu.js",
      "fileHash": "a8aeeec9",
      "needsInterop": false
    },
    "primeng/menubar": {
      "src": "../../../../../../node_modules/primeng/fesm2022/primeng-menubar.mjs",
      "file": "primeng_menubar.js",
      "fileHash": "033131c3",
      "needsInterop": false
    },
    "primeng/scroller": {
      "src": "../../../../../../node_modules/primeng/fesm2022/primeng-scroller.mjs",
      "file": "primeng_scroller.js",
      "fileHash": "ca664358",
      "needsInterop": false
    },
    "primeng/table": {
      "src": "../../../../../../node_modules/primeng/fesm2022/primeng-table.mjs",
      "file": "primeng_table.js",
      "fileHash": "9a2f9a68",
      "needsInterop": false
    },
    "primeng/tabs": {
      "src": "../../../../../../node_modules/primeng/fesm2022/primeng-tabs.mjs",
      "file": "primeng_tabs.js",
      "fileHash": "90f71bc0",
      "needsInterop": false
    }
  },
  "chunks": {
    "chunk-SPAR6NBG": {
      "file": "chunk-SPAR6NBG.js"
    },
    "browser-SVZZUIRB": {
      "file": "browser-SVZZUIRB.js"
    },
    "chunk-EXAWI2DM": {
      "file": "chunk-EXAWI2DM.js"
    },
    "chunk-TUYACWQX": {
      "file": "chunk-TUYACWQX.js"
    },
    "chunk-NMOYQVAO": {
      "file": "chunk-NMOYQVAO.js"
    },
    "chunk-6MQZ5GHU": {
      "file": "chunk-6MQZ5GHU.js"
    },
    "chunk-Y7DE4VZV": {
      "file": "chunk-Y7DE4VZV.js"
    },
    "chunk-42BXMDOJ": {
      "file": "chunk-42BXMDOJ.js"
    },
    "chunk-R32UNKMY": {
      "file": "chunk-R32UNKMY.js"
    },
    "chunk-NZTEVTJP": {
      "file": "chunk-NZTEVTJP.js"
    },
    "chunk-5G7WYC4N": {
      "file": "chunk-5G7WYC4N.js"
    },
    "chunk-NIPQ7O54": {
      "file": "chunk-NIPQ7O54.js"
    },
    "chunk-DCAU2CUE": {
      "file": "chunk-DCAU2CUE.js"
    },
    "chunk-GLXBYPWI": {
      "file": "chunk-GLXBYPWI.js"
    },
    "chunk-LNZVMYX7": {
      "file": "chunk-LNZVMYX7.js"
    },
    "chunk-UMKASGBG": {
      "file": "chunk-UMKASGBG.js"
    },
    "chunk-B2ZBQAII": {
      "file": "chunk-B2ZBQAII.js"
    },
    "chunk-Z6LYJUMV": {
      "file": "chunk-Z6LYJUMV.js"
    },
    "chunk-LQPB4V3A": {
      "file": "chunk-LQPB4V3A.js"
    },
    "chunk-5CDR7JC3": {
      "file": "chunk-5CDR7JC3.js"
    },
    "chunk-7JJXV6KY": {
      "file": "chunk-7JJXV6KY.js"
    },
    "chunk-JHZG4NAZ": {
      "file": "chunk-JHZG4NAZ.js"
    },
    "chunk-G5XDY66V": {
      "file": "chunk-G5XDY66V.js"
    },
    "chunk-MSTHHLWK": {
      "file": "chunk-MSTHHLWK.js"
    },
    "chunk-HJEFZBOK": {
      "file": "chunk-HJEFZBOK.js"
    },
    "chunk-WDMUDEB6": {
      "file": "chunk-WDMUDEB6.js"
    }
  }
}